{"cameraMode":{"drawMode":0,"name":"Shaded","section":"Shading Mode"},"sceneLighting":false,"audioPlay":false,"sceneViewState":{"showFog":false,"showMaterialUpdate":false,"showSkybox":false,"showFlares":false,"showImageEffects":false,"showParticleSystems":false},"in2DMode":false,"pivot":{"x":1733.2464599609375,"y":528.830078125,"z":-160.31369018554688},"rotation":{"x":0.4216950833797455,"y":-0.006524521391838789,"z":0.003026699647307396,"w":0.9067510366439819},"size":319.28717041015627,"orthographic":false}