{"cameraMode":{"drawMode":0,"name":"Shaded","section":"Shading Mode"},"sceneLighting":false,"audioPlay":false,"sceneViewState":{"showFog":true,"showMaterialUpdate":false,"showSkybox":false,"showFlares":true,"showImageEffects":true,"showParticleSystems":true},"in2DMode":false,"pivot":{"x":412.30108642578127,"y":4.732848644256592,"z":3.3652384281158449},"rotation":{"x":0.37628158926963808,"y":-0.08190378546714783,"z":0.0332723893225193,"w":0.9224299192428589},"size":4.895678520202637,"orthographic":false}