{"cameraMode":{"drawMode":0,"name":"Shaded","section":"Shading Mode"},"sceneLighting":false,"audioPlay":false,"sceneViewState":{"showFog":false,"showMaterialUpdate":false,"showSkybox":false,"showFlares":false,"showImageEffects":false,"showParticleSystems":false},"in2DMode":false,"pivot":{"x":1494.9862060546875,"y":2.151765823364258,"z":5.57050895690918},"rotation":{"x":0.26558929681777956,"y":-0.029838265851140024,"z":0.0074990298599004749,"w":0.964050829410553},"size":0.25982195138931277,"orthographic":false}