{"cameraMode":{"drawMode":0,"name":"Shaded","section":"Shading Mode"},"sceneLighting":false,"audioPlay":false,"sceneViewState":{"showFog":false,"showMaterialUpdate":false,"showSkybox":false,"showFlares":false,"showImageEffects":false,"showParticleSystems":false},"in2DMode":false,"pivot":{"x":267.12872314453127,"y":342.0975646972656,"z":-226.91387939453126},"rotation":{"x":0.22195227444171906,"y":-0.001163969747722149,"z":0.00026005174731835723,"w":0.9750936031341553},"size":1.2170562744140626,"orthographic":false}