{"cameraMode":{"drawMode":0,"name":"Shaded","section":"Shading Mode"},"sceneLighting":true,"audioPlay":false,"sceneViewState":{"showFog":false,"showMaterialUpdate":false,"showSkybox":false,"showFlares":false,"showImageEffects":false,"showParticleSystems":false},"in2DMode":false,"pivot":{"x":1691.87255859375,"y":1.8177809715270997,"z":-3.7932119369506838},"rotation":{"x":0.17480047047138215,"y":0.034267574548721316,"z":-0.006083573680371046,"w":0.9839950799942017},"size":28.347932815551759,"orthographic":false}