{"cameraMode":{"drawMode":0,"name":"Shaded","section":"Shading Mode"},"sceneLighting":true,"audioPlay":false,"sceneViewState":{"showFog":false,"showMaterialUpdate":false,"showSkybox":false,"showFlares":false,"showImageEffects":false,"showParticleSystems":false},"in2DMode":false,"pivot":{"x":245.89999389648438,"y":3.9700002670288088,"z":12.880000114440918},"rotation":{"x":0.19693417847156526,"y":0.028241315856575967,"z":-0.005664614960551262,"w":0.9800136685371399},"size":4.002499580383301,"orthographic":false}