{"cameraMode":{"drawMode":0,"name":"Shaded","section":"Shading Mode"},"sceneLighting":false,"audioPlay":false,"sceneViewState":{"showFog":false,"showMaterialUpdate":false,"showSkybox":false,"showFlares":false,"showImageEffects":false,"showParticleSystems":false},"in2DMode":false,"pivot":{"x":2336.845703125,"y":1.6404240131378174,"z":-3.9347448348999025},"rotation":{"x":-0.1467374712228775,"y":-0.023147236555814744,"z":0.0034345269668847324,"w":-0.9889003038406372},"size":2.687908411026001,"orthographic":false}