{"cameraMode":{"drawMode":0,"name":"Shaded","section":"Shading Mode"},"sceneLighting":false,"audioPlay":false,"sceneViewState":{"showFog":true,"showMaterialUpdate":false,"showSkybox":false,"showFlares":true,"showImageEffects":true,"showParticleSystems":true},"in2DMode":false,"pivot":{"x":18.476673126220704,"y":21.511640548706056,"z":-25.873920440673829},"rotation":{"x":-0.20586228370666505,"y":0.011217104271054268,"z":-0.0021584494970738889,"w":-0.9787535071372986},"size":23.650541305541993,"orthographic":false}