{"cameraMode":{"drawMode":0,"name":"Shaded","section":"Shading Mode"},"sceneLighting":false,"audioPlay":false,"sceneViewState":{"showFog":false,"showMaterialUpdate":false,"showSkybox":false,"showFlares":false,"showImageEffects":false,"showParticleSystems":false},"in2DMode":false,"pivot":{"x":-0.002674009185284376,"y":-0.0006900867447257042,"z":0.013117446564137936},"rotation":{"x":0.17497669160366059,"y":-0.002297675469890237,"z":-0.000075862932135351,"w":0.9850175380706787},"size":0.015053593553602696,"orthographic":false}